[{"id":"https://robohash.org/nihilsedquia.png?size=32x32&set=set1","name":"Laney Fancy","email":"lfancy0@bbc.co.uk","company":"Babbleopia"},
{"id":"https://robohash.org/nonutdolorem.png?size=32x32&set=set1","name":"Mahmud Tuckley","email":"mtuckley1@wordpress.com","company":"Kwideo"},
{"id":"https://robohash.org/inhicquia.png?size=32x32&set=set1","name":"Nadean Woltering","email":"nwoltering2@typepad.com","company":"Quire"},
{"id":"https://robohash.org/velquiquidem.png?size=32x32&set=set1","name":"Neilla Billington","email":"nbillington3@cnet.com","company":"Flashset"},
{"id":"https://robohash.org/quodquoearum.png?size=32x32&set=set1","name":"Berry Bygreaves","email":"bbygreaves4@google.com.hk","company":"Skyndu"},
{"id":"https://robohash.org/utquodfacere.png?size=32x32&set=set1","name":"Jermaine Abrahamsen","email":"jabrahamsen5@mlb.com","company":"Rhycero"},
{"id":"https://robohash.org/sedminussequi.png?size=32x32&set=set1","name":"Maurits Bumphries","email":"mbumphries6@51.la","company":"Oba"},
{"id":"https://robohash.org/consequaturquiprovident.png?size=32x32&set=set1","name":"Joannes Lowell","email":"jlowell7@homestead.com","company":"Devpulse"},
{"id":"https://robohash.org/etutmodi.png?size=32x32&set=set1","name":"Staford Von Brook","email":"svon8@ox.ac.uk","company":"Zoomdog"},
{"id":"https://robohash.org/auttemporibusvoluptatum.png?size=32x32&set=set1","name":"Corty Mobbs","email":"cmobbs9@barnesandnoble.com","company":"Tanoodle"},
{"id":"https://robohash.org/veroquiquibusdam.png?size=32x32&set=set1","name":"Matilda Beert","email":"mbeerta@chron.com","company":"Thoughtmix"},
{"id":"https://robohash.org/velitmagnidolor.png?size=32x32&set=set1","name":"Consolata Ottery","email":"cotteryb@epa.gov","company":"Topiczoom"},
{"id":"https://robohash.org/earumoditet.png?size=32x32&set=set1","name":"Johnna Wimms","email":"jwimmsc@zimbio.com","company":"Digitube"},
{"id":"https://robohash.org/liberositet.png?size=32x32&set=set1","name":"Denys Kless","email":"dklessd@disqus.com","company":"Agimba"},
{"id":"https://robohash.org/voluptatemexplicabopariatur.png?size=32x32&set=set1","name":"Sampson Olner","email":"solnere@mail.ru","company":"Fliptune"},
{"id":"https://robohash.org/debitisdoloremfugiat.png?size=32x32&set=set1","name":"Edlin Biggans","email":"ebiggansf@virginia.edu","company":"Kanoodle"}]